coarse_type,fine_type,name
biology,DNA,227
biology,RNA,16
biology,anatomy,234
biology,animal,409
biology,bacteria,1
biology,biologist,4
biology,biomedical,6
biology,bone,2
biology,botanist,8
biology,cell line,69
biology,cell type,169
biology,concept,3
biology,entomologist,20
biology,family,1
biology,gene,450
biology,insect,1
biology,neurologist,1
biology,paleoanthropologist,1
biology,paleontologist,1
biology,pathologist,1
biology,phylum,1
biology,plant,265
biology,primatologist,1
biology,protein,764
computer science,programming language,1
event,activity,78
event,aid,1
event,conference,3
event,disaster,4
event,economy,5
event,politics,6
event,war,34
film information,average ratings,50
film information,genre,112
film information,plot,54
film information,rating,99
film information,review,2
film information,title,65
film information,trailer,4
finance,concept,2
finance,economist,14
finance,entrepreneur,27
finance,financial institution,10
finance,investor,1
finance,money,76
food,additive,1
food,animal fat,15
food,animal feed,1
food,animal meat,20
food,beverage,24
food,bread,4
food,cereal,8
food,coffee bean,1
food,concept,43
food,condiment,25
food,confectionery,5
food,cuisine,69
food,dairy,4
food,dessert,9
food,dish,94
food,egg,2
food,fruit,15
food,mixture,3
food,nut,1
food,nutrient,7
food,pudding,2
food,salad,1
food,snack,7
food,software,2
food,soup,6
food,sweetener,19
food,vegetable,2
food,vegetable fat,7
food,wine,6
literature,book,7
literature,calligrapher,1
literature,character,12
literature,language,5
literature,myth,20
literature,painter,8
literature,poet,10
literature,writer,101
location,address,9
location,amenity,28
location,area,4
location,astronomical object,1
location,atoll,4
location,basin,1
location,bridge,1
location,canyon,2
location,castle,1
location,city,732
location,coast,6
location,community,32
location,company,2
location,concept,92
location,continent,67
location,country,1025
location,crater,1
location,delta,1
location,desert,5
location,district,49
location,facility,119
location,farm,1
location,fjord,1
location,forest,1
location,glacier,2
location,gorge,3
location,government,2
location,gulf,13
location,harbor,1
location,hill,2
location,island,88
location,lake,13
location,manor,1
location,market,1
location,meadow,1
location,mountain,48
location,ocean,14
location,officer,3
location,parish,45
location,pole,2
location,port,2
location,province,51
location,rainforest,1
location,restaurant,12
location,river,39
location,road,14
location,sea,14
location,spring,1
location,state,193
location,strait,13
location,street,9
location,town,94
location,university,1
location,village,28
location,volcano,3
location,waterfall,1
location,wilderness,2
medicine,disease,470
medicine,physician,2
music,band,5
music,musician,172
music,song,6
music,violinist,1
organization,academy,4
organization,army,20
organization,association,26
organization,band,5
organization,bank,17
organization,city,11
organization,club,275
organization,company,325
organization,country,3
organization,district,2
organization,ethnicity,19
organization,facility,13
organization,farm,1
organization,financial institution,10
organization,government,112
organization,international organization,26
organization,league,19
organization,media,132
organization,news agency,43
organization,non-profit organization,16
organization,poiliticalparty,1
organization,political party,87
organization,research institution,16
organization,restaurant,4
organization,school,12
organization,state,3
organization,team,121
organization,terrorist organization,1
organization,think tank,3
organization,university,96
person,abolitionist,1
person,activist,7
person,actor,358
person,adviser,3
person,analyst,4
person,anarchist,1
person,animator,6
person,anthropologist,6
person,archaeologist,4
person,architect,16
person,artist,68
person,astronaut,1
person,astronomer,13
person,athlete,292
person,auditor,1
person,aviator,2
person,biologist,4
person,bishop,6
person,botanist,8
person,calligrapher,1
person,cardinal,2
person,celebrity,11
person,chef,1
person,chemist,3
person,cinematographer,2
person,civilian,160
person,clergyman,1
person,co-driver,1
person,coach,15
person,conductor,2
person,criminal,7
person,critic,16
person,dancer,2
person,designer,18
person,director,100
person,economist,14
person,editor,1
person,engineer,9
person,entomologist,20
person,entrepreneur,27
person,executioner,1
person,expert,2
person,explorer,4
person,family,1
person,farmer,1
person,filmmaker,14
person,geographer,1
person,geologist,1
person,governess,1
person,historian,13
person,host,6
person,informant,3
person,investor,1
person,journalist,34
person,judge,5
person,king,22
person,lawyer,8
person,leader,35
person,lichenologist,1
person,linguist,6
person,logician,1
person,magician,1
person,manager,70
person,mathematician,26
person,missionary,2
person,model,2
person,musician,172
person,mycologist,1
person,naturalist,13
person,neurologist,1
person,noble,1
person,nun,4
person,nurse,1
person,oceanographer,2
person,officer,53
person,orator,3
person,painter,8
person,paleoanthropologist,1
person,paleontologist,1
person,pathologist,1
person,philosopher,67
person,physician,2
person,physicist,12
person,pianist,2
person,pitchman,3
person,poet,10
person,politician,240
person,politics,1
person,president,13
person,primatologist,1
person,prince,1
person,professor,1
person,psychiatrist,1
person,psychoanalyst,2
person,psychologist,17
person,publisher,2
person,queen,1
person,rabbi,2
person,referee,1
person,researcher,32
person,scientist,39
person,sculptor,6
person,sociologist,4
person,soldier,1
person,statistician,1
person,student,1
person,teacher,4
person,technician,1
person,terrorist,2
person,theologian,4
person,theorist,5
person,title,1
person,translator,4
person,village,1
person,violinist,1
person,witness,1
person,worker,1
person,writer,101
person,year,1
politics,abolitionist,1
politics,anarchist,1
politics,army,20
politics,criminal,6
politics,government,115
politics,judge,5
politics,king,22
politics,law,3
politics,leader,35
politics,officer,56
politics,political party,127
politics,politician,240
politics,president,13
politics,prince,1
politics,queen,1
politics,terrorist,1
politics,treaty,3
product,aircraft carrier,1
product,bomber,2
product,cigarette,2
product,equipment unit,6
product,film,1
product,instrument,8
product,machine or equipment,93
product,material,325
product,missile,3
product,robot,1
product,software,2
product,space shuttle,1
product,spacecraft,1
product,vehicle,534
product,warship,7
product,work of art,14
restaurant information,price,22
restaurant information,restaurant name,61
science,astronomer,13
science,astronomical object,52
science,award,1
science,cardinal,207
science,chemical,861
science,chemical compound,1
science,chemist,3
science,concept,1
science,concept or principle,697
science,discipline,8
science,engineering feature,54
science,geographer,1
science,geographical phenomenon,1
science,lichenologist,1
science,linguist,6
science,machanical property,129
science,manufacturing process,293
science,mathematician,26
science,mycologist,1
science,ordinal,54
science,percent,50
science,philosopher,67
science,physicist,12
science,process characterization,63
science,process parameter,92
science,psychiatrist,1
science,psychologist,17
science,quantity,16
science,research institution,16
science,researcher,32
science,scientist,39
science,standard,2
science,technology,44
time,concept,3
time,date,334
time,hours,30
time,month,3
time,period,48
time,specific time,30
time,year,73
vehicle information,brand of vehicle,486
vehicle information,color of vehicle,552
vehicle information,orientation of vehicle,163
vehicle information,position of vehicle,313
vehicle information,vehicle model,504
vehicle information,vehicle range,7
vehicle information,vehicle velocity,209
事件,活动,27
产品,军舰,2
产品,电影,174
产品,航天器,4
产品,船,4
产品,软件,362
产品,邮票,1
人,专家,7
人,主任,23
人,主席,6
人,主持人,20
人,书法家,16
人,书记,19
人,企业家,285
人,会长,2
人,作家,134
人,党员,2
人,兽医,1
人,军官,15
人,农民,11
人,分析师,28
人,医生,17
人,厂长,5
人,厨师,1
人,发言人,1
人,名人,90
人,团长,2
人,国君,1
人,委员,3
人,学生,123
人,学者,2
人,官员,150
人,导演,42
人,工人,2
人,工程师,24
人,平民,254
人,建筑师,1
人,律师,5
人,心理学家,2
人,思想家,179
人,总监,11
人,战士,45
人,执行官,1
人,护理人员,1
人,探险家,1
人,摄影师,2
人,收藏家,9
人,政治家,1131
人,教师,10
人,教授,23
人,教练,68
人,教育家,1
人,服务员,2
人,校长,1
人,模特,1
人,法官,1
人,演员,96
人,画家,38
人,研究者,208
人,科学家,16
人,秘书长,1
人,管理者,25
人,经济学家,8
人,经理,25
人,编剧,1
人,罪犯,3
人,职工,5
人,艺术家,90
人,董事长,7
人,记者,170
人,设计师,3
人,证人,1
人,评论员,5
人,诗人,12
人,贵族,6
人,运动员,576
人,通讯员,1
人,部长,1
人,间谍,2
人,队长,3
人,院长,22
人,雕塑家,2
人,革命家,38
人,音乐家,24
人,顾问,1
人,馆长,1
位置,乡镇,12
位置,区,138
位置,区域,148
位置,国家,2920
位置,地区,55
位置,地址,405
位置,城市,1369
位置,小区,1
位置,山,28
位置,山脉,3
位置,岛,30
位置,州,20
位置,景点,452
位置,村庄,114
位置,极点,1
位置,沙漠,1
位置,河,89
位置,洲,319
位置,海,17
位置,海洋,3
位置,湖,26
位置,省,452
位置,设施,183
位置,道路,14
政治,书记,19
政治,党员,2
政治,官员,141
政治,政府,985
政治,政治团体,658
政治,政治家,1131
政治,法官,1
政治,革命家,38
文学,书,80
文学,书法家,16
文学,作家,134
文学,杂志,1
文学,漫画,1
文学,画,12
文学,画家,38
文学,神话,1
文学,角色,38
文学,诗,2
生物,动物,1
科学,专业,13
科学,天体,54
科学,奖项,3
科学,学历,229
科学,星系,5
科学,研究机构,98
科学,研究者,208
科学,科学家,16
组织机构,乐队,4
组织机构,俱乐部,27
组织机构,公司,1091
组织机构,军队,61
组织机构,出版社,21
组织机构,协会,179
组织机构,团队,1016
组织机构,大学,157
组织机构,媒体,279
组织机构,学校,91
组织机构,学院,51
组织机构,工会,1
组织机构,政府,985
组织机构,政治团体,658
组织机构,杂志社,19
组织机构,民族,92
组织机构,研究机构,98
组织机构,联盟,69
组织机构,银行,98
组织机构,非盈利组织,154
职位,概念,1908
